--------------------------------------------------------
--  File created - marþi-ianuarie-12-2016   
--------------------------------------------------------
--------------------------------------------------------
--  DDL for Table APPOINTMENT
--------------------------------------------------------

  CREATE TABLE "HR"."APPOINTMENT" 
   (	"ID_APPOINTMENT" NUMBER, 
	"ID_DOCTOR" NUMBER, 
	"ID_PATIENT" NUMBER, 
	"TIME" NUMBER, 
	"SCHEDULED_DATE" DATE, 
	"SYMPTOMS" VARCHAR2(255 BYTE)
   ) SEGMENT CREATION IMMEDIATE 
  PCTFREE 10 PCTUSED 40 INITRANS 1 MAXTRANS 255 NOCOMPRESS LOGGING
  STORAGE(INITIAL 65536 NEXT 1048576 MINEXTENTS 1 MAXEXTENTS 2147483645
  PCTINCREASE 0 FREELISTS 1 FREELIST GROUPS 1 BUFFER_POOL DEFAULT FLASH_CACHE DEFAULT CELL_FLASH_CACHE DEFAULT)
  TABLESPACE "USERS" ;
--------------------------------------------------------
--  DDL for Table CREDENTIALS
--------------------------------------------------------

  CREATE TABLE "HR"."CREDENTIALS" 
   (	"ID" NUMBER, 
	"EMAIL" VARCHAR2(100 BYTE), 
	"PASSWORD" VARCHAR2(100 BYTE), 
	"TYPE" NUMBER(*,0)
   ) SEGMENT CREATION IMMEDIATE 
  PCTFREE 10 PCTUSED 40 INITRANS 1 MAXTRANS 255 NOCOMPRESS LOGGING
  STORAGE(INITIAL 65536 NEXT 1048576 MINEXTENTS 1 MAXEXTENTS 2147483645
  PCTINCREASE 0 FREELISTS 1 FREELIST GROUPS 1 BUFFER_POOL DEFAULT FLASH_CACHE DEFAULT CELL_FLASH_CACHE DEFAULT)
  TABLESPACE "USERS" ;
--------------------------------------------------------
--  DDL for Table DEPARTMENT
--------------------------------------------------------

  CREATE TABLE "HR"."DEPARTMENT" 
   (	"ID_DEPT" NUMBER, 
	"NAME" VARCHAR2(100 BYTE), 
	"DESCRIPTION" VARCHAR2(255 BYTE), 
	"FLOOR" NUMBER
   ) SEGMENT CREATION IMMEDIATE 
  PCTFREE 10 PCTUSED 40 INITRANS 1 MAXTRANS 255 NOCOMPRESS LOGGING
  STORAGE(INITIAL 65536 NEXT 1048576 MINEXTENTS 1 MAXEXTENTS 2147483645
  PCTINCREASE 0 FREELISTS 1 FREELIST GROUPS 1 BUFFER_POOL DEFAULT FLASH_CACHE DEFAULT CELL_FLASH_CACHE DEFAULT)
  TABLESPACE "USERS" ;
--------------------------------------------------------
--  DDL for Table DOCTOR
--------------------------------------------------------

  CREATE TABLE "HR"."DOCTOR" 
   (	"ID_DOCTOR" NUMBER, 
	"FIRST_NAME" VARCHAR2(50 BYTE), 
	"LAST_NAME" VARCHAR2(50 BYTE), 
	"ID_DEPT" NUMBER, 
	"PHONE_NUMBER" VARCHAR2(20 BYTE), 
	"STATUS" NUMBER(*,0)
   ) SEGMENT CREATION IMMEDIATE 
  PCTFREE 10 PCTUSED 40 INITRANS 1 MAXTRANS 255 NOCOMPRESS LOGGING
  STORAGE(INITIAL 65536 NEXT 1048576 MINEXTENTS 1 MAXEXTENTS 2147483645
  PCTINCREASE 0 FREELISTS 1 FREELIST GROUPS 1 BUFFER_POOL DEFAULT FLASH_CACHE DEFAULT CELL_FLASH_CACHE DEFAULT)
  TABLESPACE "USERS" ;
--------------------------------------------------------
--  DDL for Table PATIENT
--------------------------------------------------------

  CREATE TABLE "HR"."PATIENT" 
   (	"ID_PATIENT" NUMBER, 
	"FIRST_NAME" VARCHAR2(50 BYTE), 
	"LAST_NAME" VARCHAR2(50 BYTE), 
	"ADDRESS" VARCHAR2(200 BYTE), 
	"BIRTHDATE" DATE, 
	"PHONE_NUMBER" VARCHAR2(20 BYTE), 
	"GENETIC_DISORDER" VARCHAR2(200 BYTE), 
	"INSURANCE_NUMBER" VARCHAR2(20 BYTE)
   ) SEGMENT CREATION IMMEDIATE 
  PCTFREE 10 PCTUSED 40 INITRANS 1 MAXTRANS 255 NOCOMPRESS LOGGING
  STORAGE(INITIAL 65536 NEXT 1048576 MINEXTENTS 1 MAXEXTENTS 2147483645
  PCTINCREASE 0 FREELISTS 1 FREELIST GROUPS 1 BUFFER_POOL DEFAULT FLASH_CACHE DEFAULT CELL_FLASH_CACHE DEFAULT)
  TABLESPACE "USERS" ;
--------------------------------------------------------
--  DDL for Table RESULT
--------------------------------------------------------

  CREATE TABLE "HR"."RESULT" 
   (	"ID_RESULT" NUMBER, 
	"ID_APPOINTMENT" NUMBER, 
	"RESULT_DATE" DATE, 
	"SYMPTOMS" VARCHAR2(255 BYTE), 
	"DIAGNOSIS" VARCHAR2(255 BYTE), 
	"MEDICATION" VARCHAR2(255 BYTE)
   ) SEGMENT CREATION IMMEDIATE 
  PCTFREE 10 PCTUSED 40 INITRANS 1 MAXTRANS 255 NOCOMPRESS LOGGING
  STORAGE(INITIAL 65536 NEXT 1048576 MINEXTENTS 1 MAXEXTENTS 2147483645
  PCTINCREASE 0 FREELISTS 1 FREELIST GROUPS 1 BUFFER_POOL DEFAULT FLASH_CACHE DEFAULT CELL_FLASH_CACHE DEFAULT)
  TABLESPACE "USERS" ;
--------------------------------------------------------
--  DDL for Table SCHEDULE
--------------------------------------------------------

  CREATE TABLE "HR"."SCHEDULE" 
   (	"ID_SCHEDULE" NUMBER, 
	"DAY" NUMBER, 
	"START_HOUR" NUMBER, 
	"END_HOUR" NUMBER, 
	"ID_DOCTOR" NUMBER
   ) SEGMENT CREATION IMMEDIATE 
  PCTFREE 10 PCTUSED 40 INITRANS 1 MAXTRANS 255 NOCOMPRESS LOGGING
  STORAGE(INITIAL 65536 NEXT 1048576 MINEXTENTS 1 MAXEXTENTS 2147483645
  PCTINCREASE 0 FREELISTS 1 FREELIST GROUPS 1 BUFFER_POOL DEFAULT FLASH_CACHE DEFAULT CELL_FLASH_CACHE DEFAULT)
  TABLESPACE "USERS" ;
--------------------------------------------------------
--  DDL for Table ADMIN
--------------------------------------------------------

  CREATE TABLE "HR"."ADMIN" 
   (	"ID_ADMIN" NUMBER, 
	"FIRST_NAME" VARCHAR2(50 BYTE), 
	"LAST_NAME" VARCHAR2(50 BYTE)
   ) SEGMENT CREATION IMMEDIATE 
  PCTFREE 10 PCTUSED 40 INITRANS 1 MAXTRANS 255 NOCOMPRESS LOGGING
  STORAGE(INITIAL 65536 NEXT 1048576 MINEXTENTS 1 MAXEXTENTS 2147483645
  PCTINCREASE 0 FREELISTS 1 FREELIST GROUPS 1 BUFFER_POOL DEFAULT FLASH_CACHE DEFAULT CELL_FLASH_CACHE DEFAULT)
  TABLESPACE "USERS" ;
REM INSERTING into HR.APPOINTMENT
SET DEFINE OFF;
Insert into HR.APPOINTMENT (ID_APPOINTMENT,ID_DOCTOR,ID_PATIENT,TIME,SCHEDULED_DATE,SYMPTOMS) values ('67','18','66','10',to_date('15-01-2016','DD-MM-RRRR'),null);
Insert into HR.APPOINTMENT (ID_APPOINTMENT,ID_DOCTOR,ID_PATIENT,TIME,SCHEDULED_DATE,SYMPTOMS) values ('68','15','66','12',to_date('15-01-2016','DD-MM-RRRR'),null);
REM INSERTING into HR.CREDENTIALS
SET DEFINE OFF;
Insert into HR.CREDENTIALS (ID,EMAIL,PASSWORD,TYPE) values ('66','roxana.cosmanescu@yahoo.com','06b28417cdf879f2dce335aac6fc87e7','2');
Insert into HR.CREDENTIALS (ID,EMAIL,PASSWORD,TYPE) values ('12','m.tomulesei@medical.com','c302923d07f94c41141a9be331e5c396','1');
Insert into HR.CREDENTIALS (ID,EMAIL,PASSWORD,TYPE) values ('1','admin@admin.com','5f4dcc3b5aa765d61d8327deb882cf99','3');
Insert into HR.CREDENTIALS (ID,EMAIL,PASSWORD,TYPE) values ('11','r.florea@medical.com','f01c285de83fc11a6261e5a7a68a4d0b','1');
Insert into HR.CREDENTIALS (ID,EMAIL,PASSWORD,TYPE) values ('13','l.luchian@medical.com','4a28fbebf61553c80de39bf7dea20c20','1');
Insert into HR.CREDENTIALS (ID,EMAIL,PASSWORD,TYPE) values ('14','d.frunza@medical.com','81829c4160be3ff55833f5e66fdeb66b','1');
Insert into HR.CREDENTIALS (ID,EMAIL,PASSWORD,TYPE) values ('15','g.botez@medical.com','0729fe944fd99fa72743a45b182a2e00','1');
Insert into HR.CREDENTIALS (ID,EMAIL,PASSWORD,TYPE) values ('16','t.popescu@medical.com','bdfa3c2b7273c6b31ff2f111c9f2b485','1');
Insert into HR.CREDENTIALS (ID,EMAIL,PASSWORD,TYPE) values ('17','d.ilaris@medical.com','2dc79ababa23db759b7d9a6c719aa4b2','1');
Insert into HR.CREDENTIALS (ID,EMAIL,PASSWORD,TYPE) values ('18','m.morar@medical.com','1a1dc91c907325c69271ddf0c944bc72','1');
Insert into HR.CREDENTIALS (ID,EMAIL,PASSWORD,TYPE) values ('19','s.vieru@medical.com','39f61568b1bcc8c6e05b7bea00d79845','1');
Insert into HR.CREDENTIALS (ID,EMAIL,PASSWORD,TYPE) values ('10','n.spanu@medical.com','84922ceae59db0c461e24fdd4976d190','1');
REM INSERTING into HR.DEPARTMENT
SET DEFINE OFF;
Insert into HR.DEPARTMENT (ID_DEPT,NAME,DESCRIPTION,FLOOR) values ('2','Chirurgie','Specialitatea medicala care trateaza bolile sau ranile prin interventii instrumentale sau manuale operative.','1');
Insert into HR.DEPARTMENT (ID_DEPT,NAME,DESCRIPTION,FLOOR) values ('3','Radiologie','Specialitatea medicalã ce utilizeaza imagistica atat în diagnosticarea, cât si în tratamentul bolii vizualizate în corpul uman. ','2');
Insert into HR.DEPARTMENT (ID_DEPT,NAME,DESCRIPTION,FLOOR) values ('4','Cardiologie','Specialitate medicalã care are ca subiect de studiu bolile inimii sii ale vaselor de sânge.','1');
Insert into HR.DEPARTMENT (ID_DEPT,NAME,DESCRIPTION,FLOOR) values ('5','Imunologie','Teste imunitate','1');
Insert into HR.DEPARTMENT (ID_DEPT,NAME,DESCRIPTION,FLOOR) values ('6','Endocrinologie','Teste glande hormonale','2');
Insert into HR.DEPARTMENT (ID_DEPT,NAME,DESCRIPTION,FLOOR) values ('7','Medicina interna','Specialitatea medicalã care se ocupã cu investigarea ºi tratarea afecþiunilor acute ºi cronice ale unuia sau mai multor organe interne','3');
Insert into HR.DEPARTMENT (ID_DEPT,NAME,DESCRIPTION,FLOOR) values ('8','Pediatrie','Ramura medicalã care se ocupã cu studiul ºi tratamentul afecþiunilor întâlnite la copii','2');
Insert into HR.DEPARTMENT (ID_DEPT,NAME,DESCRIPTION,FLOOR) values ('9','Ortopedie','Specialitatea medicalã care se ocupã cu studiul ºi tratamentul deformaþiilor osoase ºi ale articulaþiilor corpului. ','3');
REM INSERTING into HR.DOCTOR
SET DEFINE OFF;
Insert into HR.DOCTOR (ID_DOCTOR,FIRST_NAME,LAST_NAME,ID_DEPT,PHONE_NUMBER,STATUS) values ('10','Spanu','Nicolae','8','0765454351','1');
Insert into HR.DOCTOR (ID_DOCTOR,FIRST_NAME,LAST_NAME,ID_DEPT,PHONE_NUMBER,STATUS) values ('11','Florea','Rodica','2','0754536536','1');
Insert into HR.DOCTOR (ID_DOCTOR,FIRST_NAME,LAST_NAME,ID_DEPT,PHONE_NUMBER,STATUS) values ('12','Tomulesei','Maria','6','0754546536','1');
Insert into HR.DOCTOR (ID_DOCTOR,FIRST_NAME,LAST_NAME,ID_DEPT,PHONE_NUMBER,STATUS) values ('13','Luchian','Luana','9','0751116536','1');
Insert into HR.DOCTOR (ID_DOCTOR,FIRST_NAME,LAST_NAME,ID_DEPT,PHONE_NUMBER,STATUS) values ('14','Frunza','Daniel','2','0751116626','1');
Insert into HR.DOCTOR (ID_DOCTOR,FIRST_NAME,LAST_NAME,ID_DEPT,PHONE_NUMBER,STATUS) values ('15','Botez','George','3','0753416626','1');
Insert into HR.DOCTOR (ID_DOCTOR,FIRST_NAME,LAST_NAME,ID_DEPT,PHONE_NUMBER,STATUS) values ('16','Popescu','Tudor','4','0753316626','1');
Insert into HR.DOCTOR (ID_DOCTOR,FIRST_NAME,LAST_NAME,ID_DEPT,PHONE_NUMBER,STATUS) values ('17','Ilaris','Daria','7','0753327726','1');
Insert into HR.DOCTOR (ID_DOCTOR,FIRST_NAME,LAST_NAME,ID_DEPT,PHONE_NUMBER,STATUS) values ('18','Morar','Mihai','5','0754427726','1');
Insert into HR.DOCTOR (ID_DOCTOR,FIRST_NAME,LAST_NAME,ID_DEPT,PHONE_NUMBER,STATUS) values ('19','Vieru','Sergiu','3','0754425526','1');
REM INSERTING into HR.PATIENT
SET DEFINE OFF;
Insert into HR.PATIENT (ID_PATIENT,FIRST_NAME,LAST_NAME,ADDRESS,BIRTHDATE,PHONE_NUMBER,GENETIC_DISORDER,INSURANCE_NUMBER) values ('66','Cosmanescu','Roxana','Str. Sf Lazar nr 2',to_date('21-10-1971','DD-MM-RRRR'),'0753755977',null,null);
REM INSERTING into HR.RESULT
SET DEFINE OFF;
REM INSERTING into HR.SCHEDULE
SET DEFINE OFF;
Insert into HR.SCHEDULE (ID_SCHEDULE,DAY,START_HOUR,END_HOUR,ID_DOCTOR) values ('20','1','10','16','10');
Insert into HR.SCHEDULE (ID_SCHEDULE,DAY,START_HOUR,END_HOUR,ID_DOCTOR) values ('21','3','10','16','10');
Insert into HR.SCHEDULE (ID_SCHEDULE,DAY,START_HOUR,END_HOUR,ID_DOCTOR) values ('22','5','10','16','10');
Insert into HR.SCHEDULE (ID_SCHEDULE,DAY,START_HOUR,END_HOUR,ID_DOCTOR) values ('23','4','10','20','10');
Insert into HR.SCHEDULE (ID_SCHEDULE,DAY,START_HOUR,END_HOUR,ID_DOCTOR) values ('24','1','10','17','11');
Insert into HR.SCHEDULE (ID_SCHEDULE,DAY,START_HOUR,END_HOUR,ID_DOCTOR) values ('25','2','10','17','11');
Insert into HR.SCHEDULE (ID_SCHEDULE,DAY,START_HOUR,END_HOUR,ID_DOCTOR) values ('26','3','10','17','11');
Insert into HR.SCHEDULE (ID_SCHEDULE,DAY,START_HOUR,END_HOUR,ID_DOCTOR) values ('27','4','10','17','11');
Insert into HR.SCHEDULE (ID_SCHEDULE,DAY,START_HOUR,END_HOUR,ID_DOCTOR) values ('28','1','10','16','12');
Insert into HR.SCHEDULE (ID_SCHEDULE,DAY,START_HOUR,END_HOUR,ID_DOCTOR) values ('29','3','10','16','12');
Insert into HR.SCHEDULE (ID_SCHEDULE,DAY,START_HOUR,END_HOUR,ID_DOCTOR) values ('30','5','10','16','12');
Insert into HR.SCHEDULE (ID_SCHEDULE,DAY,START_HOUR,END_HOUR,ID_DOCTOR) values ('31','4','10','20','12');
Insert into HR.SCHEDULE (ID_SCHEDULE,DAY,START_HOUR,END_HOUR,ID_DOCTOR) values ('32','1','10','16','13');
Insert into HR.SCHEDULE (ID_SCHEDULE,DAY,START_HOUR,END_HOUR,ID_DOCTOR) values ('33','3','10','16','13');
Insert into HR.SCHEDULE (ID_SCHEDULE,DAY,START_HOUR,END_HOUR,ID_DOCTOR) values ('34','5','10','16','13');
Insert into HR.SCHEDULE (ID_SCHEDULE,DAY,START_HOUR,END_HOUR,ID_DOCTOR) values ('35','4','10','20','13');
Insert into HR.SCHEDULE (ID_SCHEDULE,DAY,START_HOUR,END_HOUR,ID_DOCTOR) values ('36','1','10','15','14');
Insert into HR.SCHEDULE (ID_SCHEDULE,DAY,START_HOUR,END_HOUR,ID_DOCTOR) values ('37','2','10','15','14');
Insert into HR.SCHEDULE (ID_SCHEDULE,DAY,START_HOUR,END_HOUR,ID_DOCTOR) values ('38','3','10','16','14');
Insert into HR.SCHEDULE (ID_SCHEDULE,DAY,START_HOUR,END_HOUR,ID_DOCTOR) values ('39','4','10','20','14');
Insert into HR.SCHEDULE (ID_SCHEDULE,DAY,START_HOUR,END_HOUR,ID_DOCTOR) values ('40','5','10','20','14');
Insert into HR.SCHEDULE (ID_SCHEDULE,DAY,START_HOUR,END_HOUR,ID_DOCTOR) values ('41','1','10','15','15');
Insert into HR.SCHEDULE (ID_SCHEDULE,DAY,START_HOUR,END_HOUR,ID_DOCTOR) values ('42','2','10','15','15');
Insert into HR.SCHEDULE (ID_SCHEDULE,DAY,START_HOUR,END_HOUR,ID_DOCTOR) values ('43','3','10','16','15');
Insert into HR.SCHEDULE (ID_SCHEDULE,DAY,START_HOUR,END_HOUR,ID_DOCTOR) values ('44','4','10','20','15');
Insert into HR.SCHEDULE (ID_SCHEDULE,DAY,START_HOUR,END_HOUR,ID_DOCTOR) values ('45','5','10','20','15');
Insert into HR.SCHEDULE (ID_SCHEDULE,DAY,START_HOUR,END_HOUR,ID_DOCTOR) values ('46','1','10','15','16');
Insert into HR.SCHEDULE (ID_SCHEDULE,DAY,START_HOUR,END_HOUR,ID_DOCTOR) values ('47','2','10','15','16');
Insert into HR.SCHEDULE (ID_SCHEDULE,DAY,START_HOUR,END_HOUR,ID_DOCTOR) values ('48','3','10','16','16');
Insert into HR.SCHEDULE (ID_SCHEDULE,DAY,START_HOUR,END_HOUR,ID_DOCTOR) values ('49','4','10','20','16');
Insert into HR.SCHEDULE (ID_SCHEDULE,DAY,START_HOUR,END_HOUR,ID_DOCTOR) values ('50','5','10','20','16');
Insert into HR.SCHEDULE (ID_SCHEDULE,DAY,START_HOUR,END_HOUR,ID_DOCTOR) values ('51','1','10','20','17');
Insert into HR.SCHEDULE (ID_SCHEDULE,DAY,START_HOUR,END_HOUR,ID_DOCTOR) values ('52','2','10','20','17');
Insert into HR.SCHEDULE (ID_SCHEDULE,DAY,START_HOUR,END_HOUR,ID_DOCTOR) values ('53','3','10','16','17');
Insert into HR.SCHEDULE (ID_SCHEDULE,DAY,START_HOUR,END_HOUR,ID_DOCTOR) values ('54','4','10','20','17');
Insert into HR.SCHEDULE (ID_SCHEDULE,DAY,START_HOUR,END_HOUR,ID_DOCTOR) values ('55','5','10','20','17');
Insert into HR.SCHEDULE (ID_SCHEDULE,DAY,START_HOUR,END_HOUR,ID_DOCTOR) values ('56','1','10','19','18');
Insert into HR.SCHEDULE (ID_SCHEDULE,DAY,START_HOUR,END_HOUR,ID_DOCTOR) values ('57','2','10','19','18');
Insert into HR.SCHEDULE (ID_SCHEDULE,DAY,START_HOUR,END_HOUR,ID_DOCTOR) values ('58','3','10','19','18');
Insert into HR.SCHEDULE (ID_SCHEDULE,DAY,START_HOUR,END_HOUR,ID_DOCTOR) values ('59','4','10','19','18');
Insert into HR.SCHEDULE (ID_SCHEDULE,DAY,START_HOUR,END_HOUR,ID_DOCTOR) values ('60','5','10','19','18');
Insert into HR.SCHEDULE (ID_SCHEDULE,DAY,START_HOUR,END_HOUR,ID_DOCTOR) values ('61','1','10','15','19');
Insert into HR.SCHEDULE (ID_SCHEDULE,DAY,START_HOUR,END_HOUR,ID_DOCTOR) values ('62','2','10','15','19');
Insert into HR.SCHEDULE (ID_SCHEDULE,DAY,START_HOUR,END_HOUR,ID_DOCTOR) values ('63','3','10','16','19');
Insert into HR.SCHEDULE (ID_SCHEDULE,DAY,START_HOUR,END_HOUR,ID_DOCTOR) values ('64','4','10','20','19');
Insert into HR.SCHEDULE (ID_SCHEDULE,DAY,START_HOUR,END_HOUR,ID_DOCTOR) values ('65','5','10','20','19');
REM INSERTING into HR.ADMIN
SET DEFINE OFF;
Insert into HR.ADMIN (ID_ADMIN,FIRST_NAME,LAST_NAME) values ('1','admin','admin');
--------------------------------------------------------
--  DDL for Index APPOINTMENT_PK
--------------------------------------------------------

  CREATE UNIQUE INDEX "HR"."APPOINTMENT_PK" ON "HR"."APPOINTMENT" ("ID_APPOINTMENT") 
  PCTFREE 10 INITRANS 2 MAXTRANS 255 COMPUTE STATISTICS 
  STORAGE(INITIAL 65536 NEXT 1048576 MINEXTENTS 1 MAXEXTENTS 2147483645
  PCTINCREASE 0 FREELISTS 1 FREELIST GROUPS 1 BUFFER_POOL DEFAULT FLASH_CACHE DEFAULT CELL_FLASH_CACHE DEFAULT)
  TABLESPACE "USERS" ;
--------------------------------------------------------
--  DDL for Index CREDENTIALS_PK
--------------------------------------------------------

  CREATE UNIQUE INDEX "HR"."CREDENTIALS_PK" ON "HR"."CREDENTIALS" ("ID") 
  PCTFREE 10 INITRANS 2 MAXTRANS 255 COMPUTE STATISTICS 
  STORAGE(INITIAL 65536 NEXT 1048576 MINEXTENTS 1 MAXEXTENTS 2147483645
  PCTINCREASE 0 FREELISTS 1 FREELIST GROUPS 1 BUFFER_POOL DEFAULT FLASH_CACHE DEFAULT CELL_FLASH_CACHE DEFAULT)
  TABLESPACE "USERS" ;
--------------------------------------------------------
--  DDL for Index CREDENTIALS_UK1
--------------------------------------------------------

  CREATE UNIQUE INDEX "HR"."CREDENTIALS_UK1" ON "HR"."CREDENTIALS" ("EMAIL") 
  PCTFREE 10 INITRANS 2 MAXTRANS 255 COMPUTE STATISTICS 
  STORAGE(INITIAL 65536 NEXT 1048576 MINEXTENTS 1 MAXEXTENTS 2147483645
  PCTINCREASE 0 FREELISTS 1 FREELIST GROUPS 1 BUFFER_POOL DEFAULT FLASH_CACHE DEFAULT CELL_FLASH_CACHE DEFAULT)
  TABLESPACE "USERS" ;
--------------------------------------------------------
--  DDL for Index DEPARTMENT_PK
--------------------------------------------------------

  CREATE UNIQUE INDEX "HR"."DEPARTMENT_PK" ON "HR"."DEPARTMENT" ("ID_DEPT") 
  PCTFREE 10 INITRANS 2 MAXTRANS 255 COMPUTE STATISTICS 
  STORAGE(INITIAL 65536 NEXT 1048576 MINEXTENTS 1 MAXEXTENTS 2147483645
  PCTINCREASE 0 FREELISTS 1 FREELIST GROUPS 1 BUFFER_POOL DEFAULT FLASH_CACHE DEFAULT CELL_FLASH_CACHE DEFAULT)
  TABLESPACE "USERS" ;
--------------------------------------------------------
--  DDL for Index DOCTOR_PK1
--------------------------------------------------------

  CREATE UNIQUE INDEX "HR"."DOCTOR_PK1" ON "HR"."DOCTOR" ("ID_DOCTOR") 
  PCTFREE 10 INITRANS 2 MAXTRANS 255 COMPUTE STATISTICS 
  STORAGE(INITIAL 65536 NEXT 1048576 MINEXTENTS 1 MAXEXTENTS 2147483645
  PCTINCREASE 0 FREELISTS 1 FREELIST GROUPS 1 BUFFER_POOL DEFAULT FLASH_CACHE DEFAULT CELL_FLASH_CACHE DEFAULT)
  TABLESPACE "USERS" ;
--------------------------------------------------------
--  DDL for Index DOCTOR_PK
--------------------------------------------------------

  CREATE UNIQUE INDEX "HR"."DOCTOR_PK" ON "HR"."PATIENT" ("ID_PATIENT") 
  PCTFREE 10 INITRANS 2 MAXTRANS 255 COMPUTE STATISTICS 
  STORAGE(INITIAL 65536 NEXT 1048576 MINEXTENTS 1 MAXEXTENTS 2147483645
  PCTINCREASE 0 FREELISTS 1 FREELIST GROUPS 1 BUFFER_POOL DEFAULT FLASH_CACHE DEFAULT CELL_FLASH_CACHE DEFAULT)
  TABLESPACE "USERS" ;
--------------------------------------------------------
--  DDL for Index RESULT_PK
--------------------------------------------------------

  CREATE UNIQUE INDEX "HR"."RESULT_PK" ON "HR"."RESULT" ("ID_RESULT") 
  PCTFREE 10 INITRANS 2 MAXTRANS 255 COMPUTE STATISTICS 
  STORAGE(INITIAL 65536 NEXT 1048576 MINEXTENTS 1 MAXEXTENTS 2147483645
  PCTINCREASE 0 FREELISTS 1 FREELIST GROUPS 1 BUFFER_POOL DEFAULT FLASH_CACHE DEFAULT CELL_FLASH_CACHE DEFAULT)
  TABLESPACE "USERS" ;
--------------------------------------------------------
--  DDL for Index SCHEDULE_PK
--------------------------------------------------------

  CREATE UNIQUE INDEX "HR"."SCHEDULE_PK" ON "HR"."SCHEDULE" ("ID_SCHEDULE") 
  PCTFREE 10 INITRANS 2 MAXTRANS 255 COMPUTE STATISTICS 
  STORAGE(INITIAL 65536 NEXT 1048576 MINEXTENTS 1 MAXEXTENTS 2147483645
  PCTINCREASE 0 FREELISTS 1 FREELIST GROUPS 1 BUFFER_POOL DEFAULT FLASH_CACHE DEFAULT CELL_FLASH_CACHE DEFAULT)
  TABLESPACE "USERS" ;
--------------------------------------------------------
--  DDL for Index ADMIN_PK
--------------------------------------------------------

  CREATE UNIQUE INDEX "HR"."ADMIN_PK" ON "HR"."ADMIN" ("ID_ADMIN") 
  PCTFREE 10 INITRANS 2 MAXTRANS 255 COMPUTE STATISTICS 
  STORAGE(INITIAL 65536 NEXT 1048576 MINEXTENTS 1 MAXEXTENTS 2147483645
  PCTINCREASE 0 FREELISTS 1 FREELIST GROUPS 1 BUFFER_POOL DEFAULT FLASH_CACHE DEFAULT CELL_FLASH_CACHE DEFAULT)
  TABLESPACE "USERS" ;
--------------------------------------------------------
--  Constraints for Table APPOINTMENT
--------------------------------------------------------

  ALTER TABLE "HR"."APPOINTMENT" ADD CONSTRAINT "APPOINTMENT_PK" PRIMARY KEY ("ID_APPOINTMENT")
  USING INDEX PCTFREE 10 INITRANS 2 MAXTRANS 255 COMPUTE STATISTICS 
  STORAGE(INITIAL 65536 NEXT 1048576 MINEXTENTS 1 MAXEXTENTS 2147483645
  PCTINCREASE 0 FREELISTS 1 FREELIST GROUPS 1 BUFFER_POOL DEFAULT FLASH_CACHE DEFAULT CELL_FLASH_CACHE DEFAULT)
  TABLESPACE "USERS"  ENABLE;
 
  ALTER TABLE "HR"."APPOINTMENT" MODIFY ("ID_APPOINTMENT" NOT NULL ENABLE);
 
  ALTER TABLE "HR"."APPOINTMENT" MODIFY ("ID_DOCTOR" NOT NULL ENABLE);
 
  ALTER TABLE "HR"."APPOINTMENT" MODIFY ("ID_PATIENT" NOT NULL ENABLE);
 
  ALTER TABLE "HR"."APPOINTMENT" MODIFY ("TIME" NOT NULL ENABLE);
 
  ALTER TABLE "HR"."APPOINTMENT" MODIFY ("SCHEDULED_DATE" NOT NULL ENABLE);
--------------------------------------------------------
--  Constraints for Table CREDENTIALS
--------------------------------------------------------

  ALTER TABLE "HR"."CREDENTIALS" ADD CONSTRAINT "CREDENTIALS_PK" PRIMARY KEY ("ID")
  USING INDEX PCTFREE 10 INITRANS 2 MAXTRANS 255 COMPUTE STATISTICS 
  STORAGE(INITIAL 65536 NEXT 1048576 MINEXTENTS 1 MAXEXTENTS 2147483645
  PCTINCREASE 0 FREELISTS 1 FREELIST GROUPS 1 BUFFER_POOL DEFAULT FLASH_CACHE DEFAULT CELL_FLASH_CACHE DEFAULT)
  TABLESPACE "USERS"  ENABLE;
 
  ALTER TABLE "HR"."CREDENTIALS" ADD CONSTRAINT "CREDENTIALS_UK1" UNIQUE ("EMAIL")
  USING INDEX PCTFREE 10 INITRANS 2 MAXTRANS 255 COMPUTE STATISTICS 
  STORAGE(INITIAL 65536 NEXT 1048576 MINEXTENTS 1 MAXEXTENTS 2147483645
  PCTINCREASE 0 FREELISTS 1 FREELIST GROUPS 1 BUFFER_POOL DEFAULT FLASH_CACHE DEFAULT CELL_FLASH_CACHE DEFAULT)
  TABLESPACE "USERS"  ENABLE;
 
  ALTER TABLE "HR"."CREDENTIALS" MODIFY ("TYPE" NOT NULL ENABLE);
 
  ALTER TABLE "HR"."CREDENTIALS" MODIFY ("PASSWORD" NOT NULL ENABLE);
 
  ALTER TABLE "HR"."CREDENTIALS" MODIFY ("EMAIL" NOT NULL ENABLE);
 
  ALTER TABLE "HR"."CREDENTIALS" MODIFY ("ID" NOT NULL ENABLE);
--------------------------------------------------------
--  Constraints for Table DEPARTMENT
--------------------------------------------------------

  ALTER TABLE "HR"."DEPARTMENT" ADD CONSTRAINT "DEPARTMENT_PK" PRIMARY KEY ("ID_DEPT")
  USING INDEX PCTFREE 10 INITRANS 2 MAXTRANS 255 COMPUTE STATISTICS 
  STORAGE(INITIAL 65536 NEXT 1048576 MINEXTENTS 1 MAXEXTENTS 2147483645
  PCTINCREASE 0 FREELISTS 1 FREELIST GROUPS 1 BUFFER_POOL DEFAULT FLASH_CACHE DEFAULT CELL_FLASH_CACHE DEFAULT)
  TABLESPACE "USERS"  ENABLE;
 
  ALTER TABLE "HR"."DEPARTMENT" MODIFY ("FLOOR" NOT NULL ENABLE);
 
  ALTER TABLE "HR"."DEPARTMENT" MODIFY ("DESCRIPTION" NOT NULL ENABLE);
 
  ALTER TABLE "HR"."DEPARTMENT" MODIFY ("NAME" NOT NULL ENABLE);
 
  ALTER TABLE "HR"."DEPARTMENT" MODIFY ("ID_DEPT" NOT NULL ENABLE);
--------------------------------------------------------
--  Constraints for Table DOCTOR
--------------------------------------------------------

  ALTER TABLE "HR"."DOCTOR" ADD CONSTRAINT "DOCTOR_PK" PRIMARY KEY ("ID_DOCTOR")
  USING INDEX PCTFREE 10 INITRANS 2 MAXTRANS 255 COMPUTE STATISTICS 
  STORAGE(INITIAL 65536 NEXT 1048576 MINEXTENTS 1 MAXEXTENTS 2147483645
  PCTINCREASE 0 FREELISTS 1 FREELIST GROUPS 1 BUFFER_POOL DEFAULT FLASH_CACHE DEFAULT CELL_FLASH_CACHE DEFAULT)
  TABLESPACE "USERS"  ENABLE;
 
  ALTER TABLE "HR"."DOCTOR" MODIFY ("STATUS" NOT NULL ENABLE);
 
  ALTER TABLE "HR"."DOCTOR" MODIFY ("PHONE_NUMBER" NOT NULL ENABLE);
 
  ALTER TABLE "HR"."DOCTOR" MODIFY ("ID_DEPT" NOT NULL ENABLE);
 
  ALTER TABLE "HR"."DOCTOR" MODIFY ("LAST_NAME" NOT NULL ENABLE);
 
  ALTER TABLE "HR"."DOCTOR" MODIFY ("FIRST_NAME" NOT NULL ENABLE);
 
  ALTER TABLE "HR"."DOCTOR" MODIFY ("ID_DOCTOR" NOT NULL ENABLE);
--------------------------------------------------------
--  Constraints for Table PATIENT
--------------------------------------------------------

  ALTER TABLE "HR"."PATIENT" ADD CONSTRAINT "PATIENT_PK" PRIMARY KEY ("ID_PATIENT")
  USING INDEX PCTFREE 10 INITRANS 2 MAXTRANS 255 COMPUTE STATISTICS 
  STORAGE(INITIAL 65536 NEXT 1048576 MINEXTENTS 1 MAXEXTENTS 2147483645
  PCTINCREASE 0 FREELISTS 1 FREELIST GROUPS 1 BUFFER_POOL DEFAULT FLASH_CACHE DEFAULT CELL_FLASH_CACHE DEFAULT)
  TABLESPACE "USERS"  ENABLE;
 
  ALTER TABLE "HR"."PATIENT" MODIFY ("PHONE_NUMBER" NOT NULL ENABLE);
 
  ALTER TABLE "HR"."PATIENT" MODIFY ("BIRTHDATE" NOT NULL ENABLE);
 
  ALTER TABLE "HR"."PATIENT" MODIFY ("ADDRESS" NOT NULL ENABLE);
 
  ALTER TABLE "HR"."PATIENT" MODIFY ("LAST_NAME" NOT NULL ENABLE);
 
  ALTER TABLE "HR"."PATIENT" MODIFY ("FIRST_NAME" NOT NULL ENABLE);
 
  ALTER TABLE "HR"."PATIENT" MODIFY ("ID_PATIENT" NOT NULL ENABLE);
--------------------------------------------------------
--  Constraints for Table RESULT
--------------------------------------------------------

  ALTER TABLE "HR"."RESULT" ADD CONSTRAINT "RESULT_PK" PRIMARY KEY ("ID_RESULT")
  USING INDEX PCTFREE 10 INITRANS 2 MAXTRANS 255 COMPUTE STATISTICS 
  STORAGE(INITIAL 65536 NEXT 1048576 MINEXTENTS 1 MAXEXTENTS 2147483645
  PCTINCREASE 0 FREELISTS 1 FREELIST GROUPS 1 BUFFER_POOL DEFAULT FLASH_CACHE DEFAULT CELL_FLASH_CACHE DEFAULT)
  TABLESPACE "USERS"  ENABLE;
 
  ALTER TABLE "HR"."RESULT" MODIFY ("ID_RESULT" NOT NULL ENABLE);
 
  ALTER TABLE "HR"."RESULT" MODIFY ("ID_APPOINTMENT" NOT NULL ENABLE);
--------------------------------------------------------
--  Constraints for Table SCHEDULE
--------------------------------------------------------

  ALTER TABLE "HR"."SCHEDULE" ADD CONSTRAINT "SCHEDULE_PK" PRIMARY KEY ("ID_SCHEDULE")
  USING INDEX PCTFREE 10 INITRANS 2 MAXTRANS 255 COMPUTE STATISTICS 
  STORAGE(INITIAL 65536 NEXT 1048576 MINEXTENTS 1 MAXEXTENTS 2147483645
  PCTINCREASE 0 FREELISTS 1 FREELIST GROUPS 1 BUFFER_POOL DEFAULT FLASH_CACHE DEFAULT CELL_FLASH_CACHE DEFAULT)
  TABLESPACE "USERS"  ENABLE;
 
  ALTER TABLE "HR"."SCHEDULE" MODIFY ("ID_SCHEDULE" NOT NULL ENABLE);
 
  ALTER TABLE "HR"."SCHEDULE" MODIFY ("DAY" NOT NULL ENABLE);
 
  ALTER TABLE "HR"."SCHEDULE" MODIFY ("START_HOUR" NOT NULL ENABLE);
 
  ALTER TABLE "HR"."SCHEDULE" MODIFY ("END_HOUR" NOT NULL ENABLE);
 
  ALTER TABLE "HR"."SCHEDULE" MODIFY ("ID_DOCTOR" NOT NULL ENABLE);
--------------------------------------------------------
--  Constraints for Table ADMIN
--------------------------------------------------------

  ALTER TABLE "HR"."ADMIN" ADD CONSTRAINT "ADMIN_PK" PRIMARY KEY ("ID_ADMIN")
  USING INDEX PCTFREE 10 INITRANS 2 MAXTRANS 255 COMPUTE STATISTICS 
  STORAGE(INITIAL 65536 NEXT 1048576 MINEXTENTS 1 MAXEXTENTS 2147483645
  PCTINCREASE 0 FREELISTS 1 FREELIST GROUPS 1 BUFFER_POOL DEFAULT FLASH_CACHE DEFAULT CELL_FLASH_CACHE DEFAULT)
  TABLESPACE "USERS"  ENABLE;
 
  ALTER TABLE "HR"."ADMIN" MODIFY ("LAST_NAME" NOT NULL ENABLE);
 
  ALTER TABLE "HR"."ADMIN" MODIFY ("FIRST_NAME" NOT NULL ENABLE);
 
  ALTER TABLE "HR"."ADMIN" MODIFY ("ID_ADMIN" NOT NULL ENABLE);
--------------------------------------------------------
--  Ref Constraints for Table DOCTOR
--------------------------------------------------------

  ALTER TABLE "HR"."DOCTOR" ADD CONSTRAINT "DOCTOR_FK1" FOREIGN KEY ("ID_DOCTOR")
	  REFERENCES "HR"."CREDENTIALS" ("ID") ENABLE;
 
  ALTER TABLE "HR"."DOCTOR" ADD CONSTRAINT "DOCTOR_FK4" FOREIGN KEY ("ID_DEPT")
	  REFERENCES "HR"."DEPARTMENT" ("ID_DEPT") ENABLE;
--------------------------------------------------------
--  Ref Constraints for Table PATIENT
--------------------------------------------------------

  ALTER TABLE "HR"."PATIENT" ADD CONSTRAINT "PATIENT_FK1" FOREIGN KEY ("ID_PATIENT")
	  REFERENCES "HR"."CREDENTIALS" ("ID") ENABLE;
--------------------------------------------------------
--  Ref Constraints for Table RESULT
--------------------------------------------------------

  ALTER TABLE "HR"."RESULT" ADD CONSTRAINT "RESULT_FK1" FOREIGN KEY ("ID_APPOINTMENT")
	  REFERENCES "HR"."APPOINTMENT" ("ID_APPOINTMENT") ENABLE;
--------------------------------------------------------
--  Ref Constraints for Table ADMIN
--------------------------------------------------------

  ALTER TABLE "HR"."ADMIN" ADD CONSTRAINT "ADMIN_FK1" FOREIGN KEY ("ID_ADMIN")
	  REFERENCES "HR"."CREDENTIALS" ("ID") ENABLE;
--------------------------------------------------------
--  DDL for Trigger AUTO_INCREMENT_TR_APPOINTMENT
--------------------------------------------------------

  CREATE OR REPLACE TRIGGER "HR"."AUTO_INCREMENT_TR_APPOINTMENT" 
   before insert on APPOINTMENT
   for each row 
begin  
   if inserting then 
      if :NEW."ID_APPOINTMENT" is null then 
         select AUTO_INCREMENT_SEQ.nextval into :NEW."ID_APPOINTMENT" from dual; 
      end if; 
   end if; 
end;

--insert into credentials (id,email,password,type) values ('roxana@test.com','test',1);
/
ALTER TRIGGER "HR"."AUTO_INCREMENT_TR_APPOINTMENT" ENABLE;
--------------------------------------------------------
--  DDL for Trigger AUTO_INCREMENT_TR_CREDENTIALS
--------------------------------------------------------

  CREATE OR REPLACE TRIGGER "HR"."AUTO_INCREMENT_TR_CREDENTIALS" 
   before insert on CREDENTIALS
   for each row 
begin  
   if inserting then 
      if :NEW."ID" is null then 
         select AUTO_INCREMENT_SEQ.nextval into :NEW."ID" from dual; 
      end if; 
   end if; 
end;
/
ALTER TRIGGER "HR"."AUTO_INCREMENT_TR_CREDENTIALS" ENABLE;
--------------------------------------------------------
--  DDL for Trigger AUTO_INCREMENT_TR_DEPARTMENT
--------------------------------------------------------

  CREATE OR REPLACE TRIGGER "HR"."AUTO_INCREMENT_TR_DEPARTMENT" 
   before insert on DEPARTMENT
   for each row 
begin  
   if inserting then 
      if :NEW."ID_DEPT" is null then 
         select AUTO_INCREMENT_SEQ.nextval into :NEW."ID_DEPT" from dual; 
      end if; 
   end if; 
end;
/
ALTER TRIGGER "HR"."AUTO_INCREMENT_TR_DEPARTMENT" ENABLE;
--------------------------------------------------------
--  DDL for Trigger AUTO_INCREMENT_TR_RESULT
--------------------------------------------------------

  CREATE OR REPLACE TRIGGER "HR"."AUTO_INCREMENT_TR_RESULT" 
   before insert on RESULT
   for each row 
begin  
   if inserting then 
      if :NEW."ID_RESULT" is null then 
         select AUTO_INCREMENT_SEQ.nextval into :NEW."ID_RESULT" from dual; 
      end if; 
   end if; 
end;
/
ALTER TRIGGER "HR"."AUTO_INCREMENT_TR_RESULT" ENABLE;
--------------------------------------------------------
--  DDL for Trigger AUTO_INCREMENT_TR_SCHEDULE
--------------------------------------------------------

  CREATE OR REPLACE TRIGGER "HR"."AUTO_INCREMENT_TR_SCHEDULE" 
   before insert on SCHEDULE
   for each row 
begin  
   if inserting then 
      if :NEW."ID_SCHEDULE" is null then 
         select AUTO_INCREMENT_SEQ.nextval into :NEW."ID_SCHEDULE" from dual; 
      end if; 
   end if; 
end;
/
ALTER TRIGGER "HR"."AUTO_INCREMENT_TR_SCHEDULE" ENABLE;
